feature,importance
US_Stock_MPC_adj_low_log_return,0.00753891
US_Stock_NUGT_adj_close_log_return,0.0055745905
US_Stock_VWO_adj_low_log_return,0.0051640933
US_Stock_EWJ_adj_close_log_return,0.005074898
US_Stock_SPYV_adj_close_log_return,0.004545288
US_Stock_GDX_adj_close_log_return,0.0043414105
US_Stock_MPC_adj_high_log_return,0.004272339
US_Stock_TRGP_adj_high_log_return,0.004152601
US_Stock_IGSB_adj_open_log_return,0.0039681196
US_Stock_EWZ_adj_low_log_return,0.0039382703
US_Stock_HES_adj_low_log_return,0.0035738465
US_Stock_BNDX_adj_high_log_return,0.003428333
US_Stock_ACWI_adj_close_log_return,0.0034154817
US_Stock_EWT_adj_close_log_return,0.0033780062
US_Stock_JNK_adj_low_log_return,0.0033527724
US_Stock_IEF_adj_close_log_return,0.0032624092
US_Stock_EEM_adj_open_log_return,0.0031579353
FX_AUDUSD_log_return,0.003117226
US_Stock_TIP_adj_high_log_return,0.0030681703
US_Stock_VCIT_adj_low_log_return,0.0030387524
US_Stock_OKE_adj_low_log_return,0.0030030455
US_Stock_VALE_adj_high_log_return,0.0029816164
US_Stock_VYM_adj_close_log_return,0.0029702536
US_Stock_BCS_adj_low_log_return,0.002949641
US_Stock_XOM_adj_low_log_return,0.0029401747
US_Stock_IGSB_adj_high_log_return,0.0029311944
US_Stock_GDXJ_adj_open_log_return,0.0029165014
US_Stock_TIP_adj_low_log_return,0.00286917
US_Stock_VGK_adj_close_log_return,0.0028680665
US_Stock_DVN_adj_high_log_return,0.0028445465
US_Stock_EWZ_adj_close_log_return,0.0028270415
US_Stock_BSV_adj_low_log_return,0.0028031936
US_Stock_SLB_adj_close_log_return,0.0028003932
US_Stock_CVE_adj_close_log_return,0.0027901332
US_Stock_EOG_adj_low_log_return,0.002787734
US_Stock_IEF_adj_low_log_return,0.0027875712
US_Stock_IGSB_adj_low_log_return,0.0027364867
US_Stock_AEM_adj_close_log_return,0.0027310518
US_Stock_TRGP_adj_low_log_return,0.0027275793
US_Stock_YINN_adj_close_log_return,0.002726126
US_Stock_VGSH_adj_low_log_return,0.0027170356
US_Stock_BCS_adj_open_log_return,0.002716316
US_Stock_BP_adj_low_log_return,0.0026977148
US_Stock_IAU_adj_close_log_return,0.0026820807
US_Stock_VCSH_adj_close_log_return,0.0026820498
US_Stock_OKE_adj_volume_log_return,0.0026790737
US_Stock_VGSH_adj_close_log_return,0.0026589725
US_Stock_VALE_adj_open_log_return,0.0026545327
US_Stock_BND_adj_low_log_return,0.0026480078
US_Stock_LYB_adj_volume_log_return,0.0026334694
US_Stock_SHEL_adj_close_log_return,0.0026318848
US_Stock_GDX_adj_open_log_return,0.0026301143
US_Stock_VGIT_adj_open_log_return,0.0026140432
US_Stock_AGG_adj_volume_log_return,0.002607179
US_Stock_YINN_adj_open_log_return,0.0026006307
US_Stock_WMB_adj_high_log_return,0.0025835903
US_Stock_AGG_adj_low_log_return,0.0025705616
US_Stock_IAU_adj_low_log_return,0.0025676652
US_Stock_FNV_adj_open_log_return,0.0025624707
US_Stock_SPYV_adj_low_log_return,0.002548326
US_Stock_KGC_adj_low_log_return,0.0025473163
US_Stock_TIP_adj_open_log_return,0.0025463398
US_Stock_STLD_adj_close_log_return,0.0025328759
US_Stock_GDXJ_adj_low_log_return,0.0025324072
US_Stock_WMB_adj_close_log_return,0.002525169
US_Stock_CAT_adj_close_log_return,0.0025118557
US_Stock_ENB_adj_close_log_return,0.0025080994
US_Stock_TIP_adj_close_log_return,0.0025053886
US_Stock_SHY_adj_close_log_return,0.0024791947
US_Stock_FNV_adj_close_log_return,0.002475296
US_Stock_BSV_adj_close_log_return,0.0024601936
US_Stock_IGSB_adj_volume_log_return,0.0024437148
US_Stock_EMB_adj_low_log_return,0.002442661
US_Stock_VGK_adj_high_log_return,0.0024146796
US_Stock_AG_adj_close_log_return,0.0024123134
US_Stock_AEM_adj_low_log_return,0.00240493
US_Stock_FNV_adj_low_log_return,0.0024044388
US_Stock_VGLT_adj_close_log_return,0.0024001747
US_Stock_BKR_adj_low_log_return,0.0023908745
US_Stock_JNK_adj_open_log_return,0.0023740388
US_Stock_JNK_adj_close_log_return,0.002371609
US_Stock_BP_adj_close_log_return,0.0023680374
JPX_Platinum_Standard_Futures_High_log_return,0.0023603626
US_Stock_MBB_adj_high_log_return,0.0023591234
US_Stock_SPYV_adj_volume_log_return,0.0023586075
US_Stock_CCJ_adj_close_log_return,0.0023439324
US_Stock_RIO_adj_high_log_return,0.002334593
US_Stock_BND_adj_close_log_return,0.0023299824
US_Stock_GDX_adj_high_log_return,0.0023273893
US_Stock_VCIT_adj_close_log_return,0.0023153587
US_Stock_VCSH_adj_low_log_return,0.002306934
US_Stock_XOM_adj_high_log_return,0.002301061
JPX_Gold_Standard_Futures_Close_log_return,0.0022973572
FX_EURNZD_log_return,0.0022893264
US_Stock_HL_adj_close_log_return,0.0022836155
US_Stock_BP_adj_high_log_return,0.0022830605
US_Stock_SLV_adj_close_log_return,0.002277252
US_Stock_SHEL_adj_open_log_return,0.0022767219
US_Stock_VWO_adj_high_log_return,0.0022745966
US_Stock_TRGP_adj_volume_log_return,0.0022731218
FX_NZDCHF_log_return,0.0022709356
US_Stock_NEM_adj_low_log_return,0.0022645977
US_Stock_RY_adj_high_log_return,0.0022626305
US_Stock_URA_adj_close_log_return,0.0022523766
US_Stock_EFA_adj_high_log_return,0.0022493438
US_Stock_VALE_adj_close_log_return,0.0022435496
US_Stock_NUE_adj_volume_log_return,0.0022413875
US_Stock_EEM_adj_close_log_return,0.002240918
US_Stock_YINN_adj_low_log_return,0.0022386708
US_Stock_TECK_adj_close_log_return,0.0022345686
US_Stock_ALB_adj_low_log_return,0.0022321981
US_Stock_FXI_adj_low_log_return,0.002219213
US_Stock_RSP_adj_close_log_return,0.002209358
US_Stock_IEMG_adj_low_log_return,0.0022054554
US_Stock_IAU_adj_open_log_return,0.0022035534
US_Stock_AMP_adj_close_log_return,0.0021988244
US_Stock_LQD_adj_close_log_return,0.002195333
US_Stock_OXY_adj_close_log_return,0.0021928342
US_Stock_CVX_adj_low_log_return,0.0021919876
US_Stock_XOM_adj_volume_log_return,0.0021842956
US_Stock_VCSH_adj_high_log_return,0.002184125
US_Stock_MS_adj_close_log_return,0.0021802655
US_Stock_LQD_adj_low_log_return,0.0021801838
US_Stock_XOM_adj_close_log_return,0.002176498
US_Stock_CCJ_adj_volume_log_return,0.0021750466
US_Stock_NUGT_adj_volume_log_return,0.0021725395
US_Stock_VGLT_adj_high_log_return,0.0021701686
US_Stock_WMB_adj_low_log_return,0.0021625669
US_Stock_VGLT_adj_open_log_return,0.0021593522
US_Stock_VGIT_adj_close_log_return,0.0021563184
US_Stock_SPYV_adj_high_log_return,0.0021541354
US_Stock_VGLT_adj_volume_log_return,0.0021482627
US_Stock_VGIT_adj_low_log_return,0.0021463255
US_Stock_EWY_adj_volume_log_return,0.0021457123
US_Stock_BND_adj_volume_log_return,0.0021334211
US_Stock_MPC_adj_open_log_return,0.002130883
US_Stock_EMB_adj_open_log_return,0.0021229123
US_Stock_VT_adj_close_log_return,0.0021211465
US_Stock_NUGT_adj_open_log_return,0.0021211188
US_Stock_CVX_adj_volume_log_return,0.002107919
US_Stock_BCS_adj_close_log_return,0.0020997622
US_Stock_X_adj_close_log_return,0.0020938453
US_Stock_EWT_adj_low_log_return,0.0020882527
US_Stock_CCJ_adj_low_log_return,0.0020875768
US_Stock_SPIB_adj_low_log_return,0.0020835472
US_Stock_BSV_adj_volume_log_return,0.0020796503
US_Stock_HAL_adj_volume_log_return,0.0020693785
US_Stock_SLV_adj_volume_log_return,0.0020677624
US_Stock_EMB_adj_close_log_return,0.0020674649
JPX_Gold_Standard_Futures_Low_log_return,0.0020648804
US_Stock_BNDX_adj_volume_log_return,0.0020619885
US_Stock_KMI_adj_low_log_return,0.0020593891
US_Stock_DVN_adj_low_log_return,0.0020551425
US_Stock_STLD_adj_high_log_return,0.002053429
US_Stock_GDX_adj_low_log_return,0.0020518822
US_Stock_MS_adj_low_log_return,0.0020406423
US_Stock_IEMG_adj_volume_log_return,0.002039229
US_Stock_RSP_adj_high_log_return,0.0020388681
US_Stock_SLB_adj_volume_log_return,0.00203686
US_Stock_MBB_adj_volume_log_return,0.0020349387
US_Stock_EEM_adj_volume_log_return,0.0020329184
US_Stock_CVE_adj_volume_log_return,0.0020298143
US_Stock_SPTL_adj_close_log_return,0.002021641
FX_ZARGBP_log_return,0.002020617
FX_GBPCAD_log_return,0.0020134163
US_Stock_AG_adj_high_log_return,0.0020118488
US_Stock_MPC_adj_close_log_return,0.002007505
US_Stock_GDXJ_adj_close_log_return,0.0020045377
FX_ZARCHF_log_return,0.001993673
US_Stock_ACWI_adj_low_log_return,0.0019899753
US_Stock_GDX_adj_volume_log_return,0.0019870084
US_Stock_VXUS_adj_high_log_return,0.0019851616
US_Stock_AMP_adj_low_log_return,0.0019841217
US_Stock_CVE_adj_high_log_return,0.0019791992
US_Stock_CVX_adj_close_log_return,0.0019724248
US_Stock_STLD_adj_volume_log_return,0.0019659624
US_Stock_IAU_adj_volume_log_return,0.0019616927
US_Stock_FCX_adj_close_log_return,0.0019615814
US_Stock_HES_adj_close_log_return,0.0019615279
US_Stock_DVN_adj_open_log_return,0.0019574375
US_Stock_GOLD_adj_volume_log_return,0.0019560975
US_Stock_GOLD_adj_high_log_return,0.001950865
US_Stock_KGC_adj_close_log_return,0.0019455975
US_Stock_NUE_adj_low_log_return,0.0019433722
US_Stock_BCS_adj_high_log_return,0.0019359819
US_Stock_JNK_adj_high_log_return,0.001935967
US_Stock_BNDX_adj_open_log_return,0.00193447
US_Stock_PAAS_adj_low_log_return,0.0019339336
US_Stock_OKE_adj_high_log_return,0.001930475
US_Stock_VGK_adj_volume_log_return,0.0019276987
US_Stock_EWY_adj_low_log_return,0.0019270836
US_Stock_WPM_adj_volume_log_return,0.0019260875
US_Stock_VXUS_adj_volume_log_return,0.0019240526
US_Stock_CVE_adj_open_log_return,0.0019232545
US_Stock_AGG_adj_close_log_return,0.0019227583
US_Stock_RY_adj_close_log_return,0.0019210322
US_Stock_KGC_adj_high_log_return,0.0019176619
US_Stock_SLV_adj_open_log_return,0.0019127667
US_Stock_DVN_adj_close_log_return,0.0019088574
US_Stock_FCX_adj_open_log_return,0.0019021295
US_Stock_NUE_adj_high_log_return,0.001899213
US_Stock_SLB_adj_high_log_return,0.0018975434
US_Stock_TD_adj_low_log_return,0.0018975337
US_Stock_RIO_adj_close_log_return,0.0018930094
US_Stock_X_adj_low_log_return,0.0018864904
US_Stock_CVE_adj_low_log_return,0.0018850915
US_Stock_FCX_adj_low_log_return,0.001883282
JPX_Gold_Rolling-Spot_Futures_settlement_price_log_return,0.0018755108
US_Stock_ACWI_adj_volume_log_return,0.0018709407
US_Stock_BKR_adj_close_log_return,0.0018706608
US_Stock_EFA_adj_close_log_return,0.0018659867
US_Stock_VEA_adj_volume_log_return,0.0018580288
US_Stock_MPC_adj_volume_log_return,0.0018574095
US_Stock_AEM_adj_open_log_return,0.0018540602
US_Stock_OIH_adj_volume_log_return,0.0018508446
US_Stock_BND_adj_open_log_return,0.0018505905
US_Stock_RIO_adj_low_log_return,0.0018463663
US_Stock_VYM_adj_low_log_return,0.0018439997
US_Stock_EWT_adj_volume_log_return,0.0018430476
US_Stock_SCCO_adj_open_log_return,0.0018403623
FX_EURCAD_log_return,0.001833339
US_Stock_FXI_adj_high_log_return,0.0018325883
US_Stock_SPIB_adj_open_log_return,0.0018304449
US_Stock_MBB_adj_close_log_return,0.001817549
US_Stock_VYM_adj_volume_log_return,0.001810031
FX_AUDCHF_log_return,0.0018066214
US_Stock_KMI_adj_volume_log_return,0.0018057663
FX_CADCHF_log_return,0.0018033003
US_Stock_COP_adj_high_log_return,0.0017982081
US_Stock_EWZ_adj_open_log_return,0.0017930365
US_Stock_HL_adj_low_log_return,0.0017920099
US_Stock_CLF_adj_close_log_return,0.0017863527
US_Stock_STLD_adj_low_log_return,0.0017796671
US_Stock_SLV_adj_high_log_return,0.0017791993
US_Stock_HES_adj_high_log_return,0.001778668
US_Stock_RIO_adj_volume_log_return,0.0017777492
US_Stock_WPM_adj_low_log_return,0.0017753461
US_Stock_VCSH_adj_volume_log_return,0.001771239
US_Stock_VCIT_adj_volume_log_return,0.0017710868
US_Stock_WMB_adj_open_log_return,0.001769208
FX_USDJPY_log_return,0.0017615526
US_Stock_BNDX_adj_close_log_return,0.0017609984
US_Stock_HAL_adj_low_log_return,0.0017546978
US_Stock_RY_adj_open_log_return,0.001751831
US_Stock_SHEL_adj_low_log_return,0.0017510414
US_Stock_IEF_adj_volume_log_return,0.0017493574
US_Stock_VWO_adj_volume_log_return,0.00174918
US_Stock_EEM_adj_low_log_return,0.0017461749
US_Stock_VWO_adj_open_log_return,0.0017450929
US_Stock_SPYV_adj_open_log_return,0.0017443474
US_Stock_VYM_adj_open_log_return,0.0017359415
US_Stock_VT_adj_volume_log_return,0.001734345
FX_AUDNZD_log_return,0.0017318658
US_Stock_KGC_adj_volume_log_return,0.0017297708
FX_NOKCHF_log_return,0.0017293117
US_Stock_VALE_adj_volume_log_return,0.0017254355
US_Stock_VGSH_adj_open_log_return,0.0017244553
US_Stock_SHEL_adj_volume_log_return,0.0017239079
US_Stock_VGSH_adj_volume_log_return,0.0017220477
US_Stock_MBB_adj_open_log_return,0.0017216575
US_Stock_GLD_adj_volume_log_return,0.0017211165
US_Stock_XLE_adj_high_log_return,0.0017198736
US_Stock_DE_adj_close_log_return,0.0017186992
US_Stock_AEM_adj_volume_log_return,0.0017184882
FX_NOKJPY_log_return,0.0017168391
US_Stock_VTV_adj_low_log_return,0.0017163189
US_Stock_EMB_adj_high_log_return,0.0017131988
US_Stock_LYB_adj_close_log_return,0.0017117953
US_Stock_SHEL_adj_high_log_return,0.0017106442
US_Stock_EFA_adj_volume_log_return,0.0017074586
US_Stock_HAL_adj_high_log_return,0.0017064207
US_Stock_COP_adj_close_log_return,0.0017052919
US_Stock_NUE_adj_close_log_return,0.0017034684
US_Stock_NEM_adj_high_log_return,0.0016945197
US_Stock_NEM_adj_open_log_return,0.001692665
US_Stock_KMI_adj_open_log_return,0.0016911334
US_Stock_JNK_adj_volume_log_return,0.0016910855
FX_GBPAUD_log_return,0.0016899873
FX_EURJPY_log_return,0.0016898122
US_Stock_GLD_adj_close_log_return,0.0016825479
US_Stock_OXY_adj_low_log_return,0.0016818593
US_Stock_EMB_adj_volume_log_return,0.0016786798
US_Stock_URA_adj_high_log_return,0.0016785389
US_Stock_XOM_adj_open_log_return,0.0016722899
US_Stock_OKE_adj_open_log_return,0.0016713561
US_Stock_CLF_adj_high_log_return,0.0016706334
US_Stock_BKR_adj_volume_log_return,0.0016696479
US_Stock_WPM_adj_open_log_return,0.0016665779
US_Stock_ENB_adj_volume_log_return,0.001664231
US_Stock_CCJ_adj_high_log_return,0.0016636193
US_Stock_SPTL_adj_volume_log_return,0.0016626494
US_Stock_OKE_adj_close_log_return,0.0016624599
US_Stock_IAU_adj_high_log_return,0.001661646
US_Stock_XLE_adj_volume_log_return,0.0016563622
US_Stock_DE_adj_low_log_return,0.0016563584
FX_EURGBP_log_return,0.0016558031
US_Stock_ALB_adj_volume_log_return,0.0016552455
US_Stock_LQD_adj_volume_log_return,0.0016523864
US_Stock_XLE_adj_low_log_return,0.0016503453
US_Stock_COP_adj_volume_log_return,0.0016489055
US_Stock_EWJ_adj_low_log_return,0.0016479238
US_Stock_EWJ_adj_open_log_return,0.0016432913
US_Stock_CLF_adj_low_log_return,0.0016365834
FX_AUDJPY_log_return,0.0016360031
US_Stock_SPIB_adj_volume_log_return,0.0016338283
FX_NZDCAD_log_return,0.0016299799
US_Stock_NEM_adj_volume_log_return,0.0016295437
US_Stock_SHY_adj_volume_log_return,0.0016281127
US_Stock_VGIT_adj_high_log_return,0.0016279288
US_Stock_FXI_adj_open_log_return,0.0016155947
US_Stock_CLF_adj_volume_log_return,0.0016139105
US_Stock_RIO_adj_open_log_return,0.0016130253
US_Stock_VCIT_adj_high_log_return,0.0016118672
US_Stock_HAL_adj_open_log_return,0.0016097197
US_Stock_URA_adj_volume_log_return,0.0016095338
US_Stock_XLB_adj_volume_log_return,0.0016095072
JPX_Platinum_Mini_Futures_open_interest_log_return,0.0016091934
US_Stock_EFA_adj_open_log_return,0.0016089405
US_Stock_EOG_adj_volume_log_return,0.0016084274
US_Stock_FNV_adj_high_log_return,0.0016071026
US_Stock_TD_adj_high_log_return,0.0016055629
US_Stock_NUGT_adj_high_log_return,0.0016049098
US_Stock_PAAS_adj_volume_log_return,0.0016008511
US_Stock_URA_adj_low_log_return,0.0016003003
US_Stock_IEF_adj_high_log_return,0.0015988344
US_Stock_KGC_adj_open_log_return,0.0015958041
JPX_Gold_Rolling-Spot_Futures_open_interest_log_return,0.0015931564
US_Stock_SPIB_adj_close_log_return,0.0015910212
US_Stock_SPTL_adj_open_log_return,0.0015871963
US_Stock_PAAS_adj_close_log_return,0.0015867703
US_Stock_TD_adj_close_log_return,0.0015861656
US_Stock_X_adj_open_log_return,0.0015852913
US_Stock_IGSB_adj_close_log_return,0.001581453
US_Stock_RSP_adj_volume_log_return,0.0015795443
JPX_Platinum_Standard_Futures_Close_log_return,0.0015748885
US_Stock_VT_adj_high_log_return,0.001574119
US_Stock_VWO_adj_close_log_return,0.0015740106
US_Stock_VEA_adj_open_log_return,0.0015704097
US_Stock_BP_adj_volume_log_return,0.0015661484
US_Stock_FXI_adj_close_log_return,0.0015658438
JPX_RSS3_Rubber_Futures_open_interest_log_return,0.0015612575
US_Stock_EOG_adj_high_log_return,0.0015567144
US_Stock_NEM_adj_close_log_return,0.0015563566
US_Stock_VT_adj_open_log_return,0.0015537755
US_Stock_EWZ_adj_high_log_return,0.0015524299
US_Stock_FCX_adj_volume_log_return,0.0015519444
FX_NOKUSD_log_return,0.0015494303
US_Stock_EOG_adj_open_log_return,0.0015411457
US_Stock_SCCO_adj_high_log_return,0.0015365713
US_Stock_VGK_adj_low_log_return,0.0015347798
US_Stock_MS_adj_volume_log_return,0.0015346911
US_Stock_CVX_adj_open_log_return,0.0015278708
US_Stock_HES_adj_volume_log_return,0.0015237972
US_Stock_SPTL_adj_low_log_return,0.0015231658
US_Stock_LYB_adj_high_log_return,0.0015203996
JPX_Platinum_Standard_Futures_open_interest_log_return,0.0015192188
US_Stock_KMI_adj_high_log_return,0.0015173319
US_Stock_WMB_adj_volume_log_return,0.0015156921
FX_ZAREUR_log_return,0.0015148794
US_Stock_FCX_adj_high_log_return,0.0015144522
US_Stock_VYM_adj_high_log_return,0.0015131102
US_Stock_OXY_adj_volume_log_return,0.0015130409
US_Stock_HL_adj_open_log_return,0.0015124077
US_Stock_GLD_adj_low_log_return,0.0015114964
US_Stock_ALB_adj_close_log_return,0.0015069896
FX_NOKGBP_log_return,0.0015023897
US_Stock_ENB_adj_low_log_return,0.0015019069
FX_CHFJPY_log_return,0.0014993683
US_Stock_SCCO_adj_volume_log_return,0.0014949534
US_Stock_X_adj_volume_log_return,0.0014946766
US_Stock_EWT_adj_high_log_return,0.001493346
US_Stock_TECK_adj_volume_log_return,0.0014924761
US_Stock_BSV_adj_high_log_return,0.0014914926
US_Stock_TECK_adj_low_log_return,0.0014863184
US_Stock_SHY_adj_high_log_return,0.0014849531
FX_AUDCAD_log_return,0.0014793819
US_Stock_TECK_adj_high_log_return,0.001473354
US_Stock_CLF_adj_open_log_return,0.0014723138
US_Stock_BKR_adj_high_log_return,0.0014681567
JPX_Gold_Rolling-Spot_Futures_Low_log_return,0.001466658
US_Stock_LQD_adj_high_log_return,0.0014643392
US_Stock_EOG_adj_close_log_return,0.0014583527
US_Stock_VTV_adj_close_log_return,0.0014577244
US_Stock_LQD_adj_open_log_return,0.0014569557
US_Stock_WPM_adj_high_log_return,0.0014546395
US_Stock_AMP_adj_volume_log_return,0.0014524836
US_Stock_NUGT_adj_low_log_return,0.0014458101
US_Stock_PAAS_adj_high_log_return,0.0014421815
US_Stock_EWY_adj_close_log_return,0.001437912
US_Stock_COP_adj_open_log_return,0.0014376849
US_Stock_FNV_adj_volume_log_return,0.001426721
US_Stock_XLB_adj_close_log_return,0.0014256121
FX_CADJPY_log_return,0.0014247643
US_Stock_XLE_adj_open_log_return,0.0014167645
US_Stock_YINN_adj_high_log_return,0.0014156954
US_Stock_VCSH_adj_open_log_return,0.001414187
US_Stock_AMP_adj_open_log_return,0.0014141008
US_Stock_MBB_adj_low_log_return,0.0014095554
US_Stock_WPM_adj_close_log_return,0.0014091791
FX_CADUSD_log_return,0.00140913
US_Stock_CAT_adj_low_log_return,0.0014090035
FX_EURAUD_log_return,0.0014084897
JPX_Gold_Rolling-Spot_Futures_Close_log_return,0.0014052332
US_Stock_CVX_adj_high_log_return,0.0013973104
JPX_Platinum_Standard_Futures_Low_log_return,0.0013960635
US_Stock_VGK_adj_open_log_return,0.001395031
JPX_Gold_Standard_Futures_High_log_return,0.0013939294
US_Stock_BNDX_adj_low_log_return,0.0013932197
JPX_Gold_Standard_Futures_open_interest_log_return,0.0013924832
FX_GBPCHF_log_return,0.0013886804
US_Stock_BSV_adj_open_log_return,0.0013829762
US_Stock_VGIT_adj_volume_log_return,0.0013798967
US_Stock_AEM_adj_high_log_return,0.0013786516
US_Stock_IEMG_adj_close_log_return,0.001377596
FX_EURUSD_log_return,0.0013737539
US_Stock_VTV_adj_volume_log_return,0.0013682626
US_Stock_TRGP_adj_close_log_return,0.0013680146
US_Stock_SHY_adj_low_log_return,0.0013603559
US_Stock_KMI_adj_close_log_return,0.0013586114
US_Stock_GLD_adj_high_log_return,0.0013566462
US_Stock_HAL_adj_close_log_return,0.001355368
JPX_Gold_Mini_Futures_open_interest_log_return,0.0013542203
JPX_Platinum_Mini_Futures_Volume_log_return,0.0013540105
US_Stock_HL_adj_volume_log_return,0.001353504
US_Stock_AG_adj_open_log_return,0.0013484068
US_Stock_AMP_adj_high_log_return,0.0013470082
FX_NOKEUR_log_return,0.0013447118
US_Stock_GOLD_adj_open_log_return,0.001343544
US_Stock_ALB_adj_high_log_return,0.0013416978
JPX_RSS3_Rubber_Futures_Low_log_return,0.001340416
JPX_Platinum_Standard_Futures_Open_log_return,0.0013392074
US_Stock_ENB_adj_high_log_return,0.001337988
US_Stock_ALB_adj_open_log_return,0.0013371945
US_Stock_ENB_adj_open_log_return,0.0013355764
US_Stock_YINN_adj_volume_log_return,0.001334693
US_Stock_FXI_adj_volume_log_return,0.0013258068
FX_GBPNZD_log_return,0.0013236997
US_Stock_RSP_adj_open_log_return,0.0013140973
US_Stock_SCCO_adj_low_log_return,0.0013119985
US_Stock_VTV_adj_open_log_return,0.0013069642
US_Stock_VGSH_adj_high_log_return,0.0013032833
US_Stock_TRGP_adj_open_log_return,0.0013014217
US_Stock_GOLD_adj_low_log_return,0.0012981058
US_Stock_SPTL_adj_high_log_return,0.0012969
US_Stock_HL_adj_high_log_return,0.0012954145
US_Stock_OIH_adj_low_log_return,0.0012911217
US_Stock_EWT_adj_open_log_return,0.0012910896
US_Stock_X_adj_high_log_return,0.0012881424
US_Stock_EWY_adj_open_log_return,0.001285149
US_Stock_DVN_adj_volume_log_return,0.0012827463
US_Stock_AGG_adj_high_log_return,0.0012818917
US_Stock_COP_adj_low_log_return,0.0012815908
FX_ZARUSD_log_return,0.0012681251
US_Stock_TD_adj_open_log_return,0.001266151
US_Stock_VALE_adj_low_log_return,0.0012656673
US_Stock_IEF_adj_open_log_return,0.0012644294
US_Stock_SHY_adj_open_log_return,0.001263204
US_Stock_GLD_adj_open_log_return,0.0012628343
FX_NZDJPY_log_return,0.0012600775
US_Stock_AG_adj_low_log_return,0.0012542314
US_Stock_GOLD_adj_close_log_return,0.00125362
US_Stock_RY_adj_volume_log_return,0.0012471646
FX_ZARJPY_log_return,0.0012470176
FX_USDCHF_log_return,0.0012444287
US_Stock_EFA_adj_low_log_return,0.0012425489
US_Stock_STLD_adj_open_log_return,0.0012422494
US_Stock_TD_adj_volume_log_return,0.0012394091
US_Stock_TECK_adj_open_log_return,0.0012369688
JPX_RSS3_Rubber_Futures_Volume_log_return,0.001236283
US_Stock_GDXJ_adj_volume_log_return,0.0012361642
US_Stock_AG_adj_volume_log_return,0.0012336145
US_Stock_BP_adj_open_log_return,0.0012311875
US_Stock_SCCO_adj_close_log_return,0.0012291735
US_Stock_BND_adj_high_log_return,0.0012264887
US_Stock_TIP_adj_volume_log_return,0.0012250654
US_Stock_CAT_adj_open_log_return,0.0012250349
US_Stock_EWJ_adj_high_log_return,0.0012247458
FX_GBPUSD_log_return,0.0012195129
US_Stock_BKR_adj_open_log_return,0.001218129
US_Stock_SLV_adj_low_log_return,0.0012099172
US_Stock_BCS_adj_volume_log_return,0.0012096607
FX_EURCHF_log_return,0.0012027498
US_Stock_IEMG_adj_high_log_return,0.001199012
US_Stock_RY_adj_low_log_return,0.001187985
US_Stock_VT_adj_low_log_return,0.001186949
JPX_Gold_Rolling-Spot_Futures_High_log_return,0.0011843026
JPX_Gold_Standard_Futures_Volume_log_return,0.0011817442
US_Stock_SLB_adj_low_log_return,0.0011781363
US_Stock_URA_adj_open_log_return,0.0011735222
FX_GBPJPY_log_return,0.0011559336
US_Stock_CAT_adj_volume_log_return,0.00115532
US_Stock_EWZ_adj_volume_log_return,0.0011545488
US_Stock_VCIT_adj_open_log_return,0.0011453537
US_Stock_OIH_adj_high_log_return,0.0011441337
US_Stock_PAAS_adj_open_log_return,0.0011355911
US_Stock_CCJ_adj_open_log_return,0.0011327465
JPX_Gold_Standard_Futures_Open_log_return,0.0011294477
US_Stock_DE_adj_open_log_return,0.0011279483
US_Stock_DE_adj_volume_log_return,0.0011188596
JPX_Platinum_Mini_Futures_High_log_return,0.0011177721
US_Stock_HES_adj_open_log_return,0.0011122497
US_Stock_OXY_adj_open_log_return,0.0011113877
JPX_Platinum_Standard_Futures_Volume_log_return,0.0010835957
US_Stock_CAT_adj_high_log_return,0.0010819866
JPX_Gold_Mini_Futures_Volume_log_return,0.0010752163
JPX_Platinum_Mini_Futures_Close_log_return,0.0010748341
FX_NZDUSD_log_return,0.0010704317
US_Stock_SLB_adj_open_log_return,0.0010629554
JPX_Gold_Rolling-Spot_Futures_Volume_log_return,0.0010383365
US_Stock_XLE_adj_close_log_return,0.0010358802
US_Stock_EWJ_adj_volume_log_return,0.0010200201
US_Stock_IEMG_adj_open_log_return,0.0010181707
US_Stock_MS_adj_open_log_return,0.0010159813
JPX_RSS3_Rubber_Futures_High_log_return,0.0010087718
US_Stock_NUE_adj_open_log_return,0.0010016157
US_Stock_SPIB_adj_high_log_return,0.0009888028
JPX_Gold_Mini_Futures_Close_log_return,0.0009885753
JPX_Gold_Rolling-Spot_Futures_Open_log_return,0.0009819429
US_Stock_OIH_adj_open_log_return,0.0009807327
US_Stock_LYB_adj_low_log_return,0.000980113
US_Stock_ACWI_adj_high_log_return,0.0009781363
US_Stock_MS_adj_high_log_return,0.00097476796
JPX_Gold_Mini_Futures_High_log_return,0.0009703138
US_Stock_GDXJ_adj_high_log_return,0.00096833135
US_Stock_RSP_adj_low_log_return,0.00096612127
US_Stock_EEM_adj_high_log_return,0.000964028
US_Stock_XLB_adj_low_log_return,0.00095969887
US_Stock_VXUS_adj_close_log_return,0.00094897684
JPX_RSS3_Rubber_Futures_Close_log_return,0.00093009335
US_Stock_VEA_adj_low_log_return,0.0009289876
JPX_Platinum_Mini_Futures_Open_log_return,0.00092884275
US_Stock_EWY_adj_high_log_return,0.0009283839
US_Stock_LYB_adj_open_log_return,0.0009198253
US_Stock_VXUS_adj_low_log_return,0.00090797275
US_Stock_VEA_adj_high_log_return,0.0009076435
US_Stock_DE_adj_high_log_return,0.0009032829
JPX_RSS3_Rubber_Futures_Open_log_return,0.00089892047
US_Stock_OXY_adj_high_log_return,0.0008987353
US_Stock_XLB_adj_open_log_return,0.00087653997
US_Stock_VTV_adj_high_log_return,0.0008600174
LME_ZS_Close_log_return,0.0008404236
US_Stock_XLB_adj_high_log_return,0.0008190307
US_Stock_ACWI_adj_open_log_return,0.00071865227
JPX_Platinum_Mini_Futures_Low_log_return,0.0007125108
LME_PB_Close_log_return,0.00069961854
JPX_Gold_Mini_Futures_Low_log_return,0.00069629773
US_Stock_AGG_adj_open_log_return,0.0006594184
US_Stock_OIH_adj_close_log_return,0.0006468382
US_Stock_VXUS_adj_open_log_return,0.0005812944
JPX_RSS3_Rubber_Futures_settlement_price_log_return,0.0005705465
JPX_Gold_Mini_Futures_Open_log_return,0.00052971236
US_Stock_VEA_adj_close_log_return,0.0005132413
JPX_Platinum_Mini_Futures_settlement_price_log_return,0.0004506859
LME_CA_Close_log_return,0.00041850965
LME_AH_Close_log_return,0.00040876874
US_Stock_VGLT_adj_low_log_return,0.00038357504
JPX_Gold_Mini_Futures_settlement_price_log_return,0.00026484835
